tarih,t_yil,siddet_sinifi,ortalama_nbr
2021-08-14,0.0,Düşük şiddet,0.09902148693799973
2021-08-14,0.0,Orta-düşük şiddet,-0.035232119262218475
2021-08-14,0.0,Orta-yüksek şiddet,-0.2068767100572586
2021-08-14,0.0,Yüksek şiddet,-0.42366939783096313
2021-07-20,,Düşük şiddet,0.28787586092948914
2021-07-20,,Orta-düşük şiddet,0.31637176871299744
2021-07-20,,Orta-yüksek şiddet,0.3369276523590088
2021-07-20,,Yüksek şiddet,0.4398637115955353
2021-08-19,0.013689253935660506,Düşük şiddet,0.08194280415773392
2021-08-19,0.013689253935660506,Orta-düşük şiddet,-0.04773195460438728
2021-08-19,0.013689253935660506,Orta-yüksek şiddet,-0.2165921926498413
2021-08-19,0.013689253935660506,Yüksek şiddet,-0.42222487926483154
2021-08-24,0.02737850787132101,Düşük şiddet,0.11412870138883591
2021-08-24,0.02737850787132101,Orta-düşük şiddet,-0.016678815707564354
2021-08-24,0.02737850787132101,Orta-yüksek şiddet,-0.18490095436573029
2021-08-24,0.02737850787132101,Yüksek şiddet,-0.39635246992111206
2021-08-29,0.04106776180698152,Düşük şiddet,0.08969930559396744
2021-08-29,0.04106776180698152,Orta-düşük şiddet,-0.03689609095454216
2021-08-29,0.04106776180698152,Orta-yüksek şiddet,-0.19913016259670258
2021-08-29,0.04106776180698152,Yüksek şiddet,-0.4024825394153595
2021-09-03,0.05475701574264202,Düşük şiddet,0.13160134851932526
2021-09-03,0.05475701574264202,Orta-düşük şiddet,0.0014082512352615595
2021-09-03,0.05475701574264202,Orta-yüksek şiddet,-0.16789200901985168
2021-09-03,0.05475701574264202,Yüksek şiddet,-0.38474783301353455
2021-09-08,0.06844626967830253,Düşük şiddet,0.09927517175674438
2021-09-08,0.06844626967830253,Orta-düşük şiddet,-0.03224461153149605
2021-09-08,0.06844626967830253,Orta-yüksek şiddet,-0.1988917887210846
2021-09-08,0.06844626967830253,Yüksek şiddet,-0.40966421365737915
2022-07-15,0.917180013689254,Düşük şiddet,0.03203251212835312
2022-07-15,0.917180013689254,Orta-düşük şiddet,-0.01587643474340439
2022-07-15,0.917180013689254,Orta-yüksek şiddet,-0.031932007521390915
2022-07-15,0.917180013689254,Yüksek şiddet,-0.04593073949217796
2022-07-20,0.9308692676249144,Düşük şiddet,0.04041951894760132
2022-07-20,0.9308692676249144,Orta-düşük şiddet,-0.007285027764737606
2022-07-20,0.9308692676249144,Orta-yüksek şiddet,-0.023214973509311676
2022-07-20,0.9308692676249144,Yüksek şiddet,-0.037164926528930664
2022-07-25,0.944558521560575,Düşük şiddet,0.03543902561068535
2022-07-25,0.944558521560575,Orta-düşük şiddet,-0.011917896568775177
2022-07-25,0.944558521560575,Orta-yüksek şiddet,-0.027739733457565308
2022-07-25,0.944558521560575,Yüksek şiddet,-0.041331078857183456
2022-07-30,0.9582477754962354,Düşük şiddet,0.03820394352078438
2022-07-30,0.9582477754962354,Orta-düşük şiddet,-0.008233588188886642
2022-07-30,0.9582477754962354,Orta-yüksek şiddet,-0.024009624496102333
2022-07-30,0.9582477754962354,Yüksek şiddet,-0.038380902260541916
2022-08-04,0.971937029431896,Düşük şiddet,0.04983063042163849
2022-08-04,0.971937029431896,Orta-düşük şiddet,0.002484334399923682
2022-08-04,0.971937029431896,Orta-yüksek şiddet,-0.009977550245821476
2022-08-04,0.971937029431896,Yüksek şiddet,-0.01160773541778326
2022-08-09,0.9856262833675564,Düşük şiddet,0.08009141683578491
2022-08-09,0.9856262833675564,Orta-düşük şiddet,0.024228857830166817
2022-08-09,0.9856262833675564,Orta-yüksek şiddet,0.0066963681019842625
2022-08-09,0.9856262833675564,Yüksek şiddet,-0.004430344793945551
2022-08-14,0.999315537303217,Düşük şiddet,0.04064948484301567
2022-08-14,0.999315537303217,Orta-düşük şiddet,-0.006211061030626297
2022-08-14,0.999315537303217,Orta-yüksek şiddet,-0.02415044791996479
2022-08-14,0.999315537303217,Yüksek şiddet,-0.03899330645799637
2023-07-15,1.9164955509924708,Düşük şiddet,0.07722888141870499
2023-07-15,1.9164955509924708,Orta-düşük şiddet,0.06948503851890564
2023-07-15,1.9164955509924708,Orta-yüksek şiddet,0.08694079518318176
2023-07-15,1.9164955509924708,Yüksek şiddet,0.11463235318660736
2021-09-13,0.08213552361396304,Düşük şiddet,0.12447908520698547
2021-09-13,0.08213552361396304,Orta-düşük şiddet,-0.0008905244176276028
2021-09-13,0.08213552361396304,Orta-yüksek şiddet,-0.16319485008716583
2021-09-13,0.08213552361396304,Yüksek şiddet,-0.36212944984436035
2022-08-19,1.0130047912388775,Düşük şiddet,0.03691115975379944
2022-08-19,1.0130047912388775,Orta-düşük şiddet,-0.005733886733651161
2022-08-19,1.0130047912388775,Orta-yüksek şiddet,-0.020424392074346542
2022-08-19,1.0130047912388775,Yüksek şiddet,-0.033044587820768356
2022-08-24,1.0266940451745379,Düşük şiddet,0.04261790215969086
2022-08-24,1.0266940451745379,Orta-düşük şiddet,-0.0014551477506756783
2022-08-24,1.0266940451745379,Orta-yüksek şiddet,-0.01804141327738762
2022-08-24,1.0266940451745379,Yüksek şiddet,-0.03259006142616272
2022-08-29,1.0403832991101984,Düşük şiddet,0.0448637418448925
2022-08-29,1.0403832991101984,Orta-düşük şiddet,0.0026330044493079185
2022-08-29,1.0403832991101984,Orta-yüksek şiddet,-0.011240110732614994
2022-08-29,1.0403832991101984,Yüksek şiddet,-0.023147962987422943
2022-09-03,1.054072553045859,Düşük şiddet,0.03770424425601959
2022-09-03,1.054072553045859,Orta-düşük şiddet,-0.003973835147917271
2022-09-03,1.054072553045859,Orta-yüksek şiddet,-0.01719585992395878
2022-09-03,1.054072553045859,Yüksek şiddet,-0.028315646573901176
2022-09-08,1.0677618069815196,Düşük şiddet,0.04876988008618355
2022-09-08,1.0677618069815196,Orta-düşük şiddet,0.008203515782952309
2022-09-08,1.0677618069815196,Orta-yüksek şiddet,-0.004106401465833187
2022-09-08,1.0677618069815196,Yüksek şiddet,-0.014288096688687801
2022-09-13,1.08145106091718,Düşük şiddet,
2022-09-13,1.08145106091718,Orta-düşük şiddet,
2022-09-13,1.08145106091718,Orta-yüksek şiddet,
2022-09-13,1.08145106091718,Yüksek şiddet,
2024-07-19,2.9295003422313486,Düşük şiddet,
2024-07-19,2.9295003422313486,Orta-düşük şiddet,
2024-07-19,2.9295003422313486,Orta-yüksek şiddet,
2024-07-19,2.9295003422313486,Yüksek şiddet,
2024-07-24,2.943189596167009,Düşük şiddet,
2024-07-24,2.943189596167009,Orta-düşük şiddet,
2024-07-24,2.943189596167009,Orta-yüksek şiddet,
2024-07-24,2.943189596167009,Yüksek şiddet,
2024-07-29,2.9568788501026693,Düşük şiddet,0.07915710657835007
2024-07-29,2.9568788501026693,Orta-düşük şiddet,0.07443057745695114
2024-07-29,2.9568788501026693,Orta-yüksek şiddet,0.09373171627521515
2024-07-29,2.9568788501026693,Yüksek şiddet,0.125950887799263
2024-08-03,2.97056810403833,Düşük şiddet,0.059029415249824524
2024-08-03,2.97056810403833,Orta-düşük şiddet,0.054839782416820526
2024-08-03,2.97056810403833,Orta-yüksek şiddet,0.07462668418884277
2024-08-03,2.97056810403833,Yüksek şiddet,0.10763322561979294
2025-07-19,3.9288158795345653,Düşük şiddet,0.09796740114688873
2025-07-19,3.9288158795345653,Orta-düşük şiddet,0.10362694412469864
2025-07-19,3.9288158795345653,Orta-yüksek şiddet,0.12530045211315155
2025-07-19,3.9288158795345653,Yüksek şiddet,0.15946364402770996
2025-07-24,3.9425051334702257,Düşük şiddet,0.1115727648139
2025-07-24,3.9425051334702257,Orta-düşük şiddet,0.11568345129489899
2025-07-24,3.9425051334702257,Orta-yüksek şiddet,0.13591666519641876
2025-07-24,3.9425051334702257,Yüksek şiddet,0.1699431836605072
2025-07-29,3.9561943874058865,Düşük şiddet,0.10068724304437637
2025-07-29,3.9561943874058865,Orta-düşük şiddet,0.10499715059995651
2025-07-29,3.9561943874058865,Orta-yüksek şiddet,0.12563617527484894
2025-07-29,3.9561943874058865,Yüksek şiddet,0.15913040935993195
2025-08-03,3.969883641341547,Düşük şiddet,
2025-08-03,3.969883641341547,Orta-düşük şiddet,
2025-08-03,3.969883641341547,Orta-yüksek şiddet,
2025-08-03,3.969883641341547,Yüksek şiddet,
2025-08-05,3.975359342915811,Düşük şiddet,0.09978660196065903
2025-08-05,3.975359342915811,Orta-düşük şiddet,0.10372450947761536
2025-08-05,3.975359342915811,Orta-yüksek şiddet,0.12400814890861511
2025-08-05,3.975359342915811,Yüksek şiddet,0.15683649480342865
2025-08-08,3.9835728952772076,Düşük şiddet,0.08511380851268768
2025-08-08,3.9835728952772076,Orta-düşük şiddet,0.0873129740357399
2025-08-08,3.9835728952772076,Orta-yüksek şiddet,0.10620027035474777
2025-08-08,3.9835728952772076,Yüksek şiddet,0.14077281951904297
2025-08-13,3.997262149212868,Düşük şiddet,0.10630423575639725
2025-08-13,3.997262149212868,Orta-düşük şiddet,0.10813762992620468
2025-08-13,3.997262149212868,Orta-yüksek şiddet,0.12501318752765656
2025-08-13,3.997262149212868,Yüksek şiddet,0.15508539974689484
2025-08-15,4.002737850787132,Düşük şiddet,0.10806745290756226
2025-08-15,4.002737850787132,Orta-düşük şiddet,0.10961921513080597
2025-08-15,4.002737850787132,Orta-yüksek şiddet,0.12747713923454285
2025-08-15,4.002737850787132,Yüksek şiddet,0.1595819890499115
2025-08-18,4.010951403148528,Düşük şiddet,0.11410784721374512
2025-08-18,4.010951403148528,Orta-düşük şiddet,0.11153234541416168
2025-08-18,4.010951403148528,Orta-yüksek şiddet,0.12754663825035095
2025-08-18,4.010951403148528,Yüksek şiddet,0.1586049497127533
2025-08-23,4.024640657084189,Düşük şiddet,0.10767193138599396
2025-08-23,4.024640657084189,Orta-düşük şiddet,0.10909304022789001
2025-08-23,4.024640657084189,Orta-yüksek şiddet,0.12635937333106995
2025-08-23,4.024640657084189,Yüksek şiddet,0.15841609239578247
2025-08-25,4.030116358658453,Düşük şiddet,0.09508261829614639
2025-08-25,4.030116358658453,Orta-düşük şiddet,0.09509613364934921
2025-08-25,4.030116358658453,Orta-yüksek şiddet,0.1111895740032196
2025-08-25,4.030116358658453,Yüksek şiddet,0.14302392303943634
2026-07-19,4.9281314168377826,Düşük şiddet,0.1368885338306427
2026-07-19,4.9281314168377826,Orta-düşük şiddet,0.14222131669521332
2026-07-19,4.9281314168377826,Orta-yüksek şiddet,0.16093069314956665
2026-07-19,4.9281314168377826,Yüksek şiddet,0.19246436655521393
2026-07-21,4.933607118412047,Düşük şiddet,0.1316511332988739
2026-07-21,4.933607118412047,Orta-düşük şiddet,0.1373075395822525
2026-07-21,4.933607118412047,Orta-yüksek şiddet,0.15671396255493164
2026-07-21,4.933607118412047,Yüksek şiddet,0.18969790637493134
2026-07-24,4.941820670773443,Düşük şiddet,0.14709913730621338
2026-07-24,4.941820670773443,Orta-düşük şiddet,0.15397194027900696
2026-07-24,4.941820670773443,Orta-yüksek şiddet,0.1701364815235138
2026-07-24,4.941820670773443,Yüksek şiddet,0.20296993851661682
2026-07-29,4.955509924709103,Düşük şiddet,0.13615940511226654
2026-07-29,4.955509924709103,Orta-düşük şiddet,0.14186511933803558
2026-07-29,4.955509924709103,Orta-yüksek şiddet,0.16095681488513947
2026-07-29,4.955509924709103,Yüksek şiddet,0.19292473793029785
2026-07-31,4.960985626283367,Düşük şiddet,0.13127180933952332
2026-07-31,4.960985626283367,Orta-düşük şiddet,0.13549530506134033
2026-07-31,4.960985626283367,Orta-yüksek şiddet,0.15398171544075012
2026-07-31,4.960985626283367,Yüksek şiddet,0.18550649285316467
2026-08-03,4.969199178644764,Düşük şiddet,0.11803071200847626
2026-08-03,4.969199178644764,Orta-düşük şiddet,0.1228104755282402
2026-08-03,4.969199178644764,Orta-yüksek şiddet,0.141999289393425
2026-08-03,4.969199178644764,Yüksek şiddet,0.17473916709423065
2022-09-13,1.08145106091718,Düşük şiddet,0.041126757860183716
2022-09-13,1.08145106091718,Orta-düşük şiddet,0.004183443263173103
2022-09-13,1.08145106091718,Orta-yüksek şiddet,-0.00892025325447321
2022-09-13,1.08145106091718,Yüksek şiddet,-0.020925268530845642
2023-07-20,1.9301848049281314,Düşük şiddet,0.05816830322146416
2023-07-20,1.9301848049281314,Orta-düşük şiddet,0.04762471467256546
2023-07-20,1.9301848049281314,Orta-yüksek şiddet,0.06425478309392929
2023-07-20,1.9301848049281314,Yüksek şiddet,0.09151037782430649
2024-07-19,2.9295003422313486,Düşük şiddet,0.0608137771487236
2024-07-19,2.9295003422313486,Orta-düşük şiddet,0.05725815147161484
2024-07-19,2.9295003422313486,Orta-yüksek şiddet,0.0775657668709755
2024-07-19,2.9295003422313486,Yüksek şiddet,0.11007776856422424
2024-07-24,2.943189596167009,Düşük şiddet,0.08404155820608139
2024-07-24,2.943189596167009,Orta-düşük şiddet,0.0776088684797287
2024-07-24,2.943189596167009,Orta-yüksek şiddet,0.09467389434576035
2024-07-24,2.943189596167009,Yüksek şiddet,0.12438751012086868
2024-08-08,2.9842573579739904,Düşük şiddet,0.07030279189348221
2024-08-08,2.9842573579739904,Orta-düşük şiddet,0.06738042831420898
2024-08-08,2.9842573579739904,Orta-yüksek şiddet,0.08813053369522095
2024-08-08,2.9842573579739904,Yüksek şiddet,0.1213996410369873
